metric,value
auc,0.296296
pr_auc,0.344658
brier,0.313413
f1,0.285714
mae,0.544819
rmse,0.559833
paired_significance_p,0.97796255
