metric,value
auc,0.592593
pr_auc,0.578968
brier,0.26963
f1,0.571429
mae,0.501301
rmse,0.51926
paired_significance_p,0.89972866
